aa,ab,ac,ad,ae,af,ag,ah,ai,aj,ak,al,am,an,ao,ap,aq,ar,as,at,au,av,aw,ax,ay,az,ba,bb,bc,bd,be,bf,bg,bh,bi,bj,bk,bl,bm,bn,bo,bp,bq,br,bs,bt,bu,bv,bw,bx,by,bz,ca,cb,cc,cd,ce,cf,cg,ch,ci,cj,ck,cl,cm,cn,co,cp,cq,cr,cs,ct,cu,cv,cw,cx,cy,cz,da,db,dc,dd,de,df,dg,dh,di,dj,dk,dl,dm,dn,do,dp,dq,dr,ds,dt,du,dv,dw,dx,dy,dz,ea,eb,ec,ed,ee,ef,eg,eh,ei,ej,ek,el,em,en,eo,ep,eq,er,es,et,eu,ev,ew,ex,ey,ez,fa,fb,fc,fd,fe,ff,fg,fh,fi,fj,fk,fl,fm,fn,fo,fp,fq,fr,fs,ft,fu,fv,fw,fx,fy,fz,ga,gb,gc,gd,ge,gf,gg,gh,gi,gj,gk,gl,gm,gn,go,gp,gq,gr,gs,gt,gu,gv,gw,gx,gy,gz,ha,hb,hc,hd,he,hf,hg,hh,hi,hj,hk,hl,hm,hn,ho,hp,hq,hr,hs,ht,hu,hv,hw,hx,hy,hz,ia,ib,ic,id,ie,if,ig,ih,ii,ij,ik,il,im,in,io,ip,iq,ir,is,it,iu,iv,iw,ix,iy,iz,ja,jb,jc,jd,je,jf,jg,jh,ji,jj,jk,jl,jm,jn,jo,jp,jq,jr,js,jt,ju,jv,jw,jx,jy,jz,ka,kb,kc,kd,ke,kf,kg,kh,ki,kj,kk,kl,km,kn,ko,kp,kq,kr,ks,kt,ku,kv,kw,kx,ky,kz,la,lb,lc,ld,le,lf,lg,lh,li,lj,lk,ll,lm,ln,lo,lp,lq,lr,ls,lt,lu,lv,lw,lx,ly,lz,ma,mb,mc,md,me,mf,mg,mh,mi,mj,mk,ml,mm,mn,mo,mp,mq,mr,ms,mt,mu,mv,mw,mx,my,mz,na,nb,nc,nd,ne,nf,ng,nh,ni,nj,nk,nl,nm,nn,no,np,nq,nr,ns,nt,nu,nv,nw,nx,ny,nz,oa,ob,oc,od,oe,of,og,oh,oi,oj,ok,ol,om,on,oo,op,oq,or,os,ot,ou,ov,ow,ox,oy,oz,pa,pb,pc,pd,pe,pf,pg,ph,pi,pj,pk,pl,pm,pn,po,pp,pq,pr,ps,pt,pu,pv,pw,px,py,pz,qa,qb,qc,qd,qe,qf,qg,qh,qi,qj,qk,ql,qm,qn,qo,qp,qq,qr,qs,qt,qu,qv,qw,qx,qy,qz,ra,rb,rc,rd,re,rf,rg,rh,ri,rj,rk,rl,rm,rn,ro,rp,rq,rr,rs,rt,ru,rv,rw,rx,ry,rz,sa,sb,sc,sd,se,sf,sg,sh,si,sj,sk,sl,sm,sn,so,sp,sq,sr,ss,st,su,sv,sw,sx,sy,sz,ta,tb,tc,td,te,tf,tg,th,ti,tj,tk,tl,tm,tn,to,tp,tq,tr,ts,tt,tu,tv,tw,tx,ty,tz,ua,ub,uc,ud,ue,uf,ug,uh,ui,uj,uk,ul,um,un,uo,up,uq,ur,us,ut,uu,uv,uw,ux,uy,uz,va,vb,vc,vd,ve,vf,vg,vh,vi,vj,vk,vl,vm,vn,vo,vp,vq,vr,vs,vt,vu,vv,vw,vx,vy,vz,wa,wb,wc,wd,we,wf,wg,wh,wi,wj,wk,wl,wm,wn,wo,wp,wq,wr,ws,wt,wu,wv,ww,wx,wy,wz,xa,xb,xc,xd,xe,xf,xg,xh,xi,xj,xk,xl,xm,xn,xo,xp,xq,xr,xs,xt,xu,xv,xw,xx,xy,xz,ya,yb,yc,yd,ye,yf,yg,yh,yi,yj,yk,yl,ym,yn,yo,yp,yq,yr,ys,yt,yu,yv,yw,yx,yy,yz,za,zb,zc,zd,ze,zf,zg,zh,zi,zj,zk,zl,zm,zn,zo,zp,zq,zr,zs,zt,zu,zv,zw,zx,zy,zz,name
,0.2106493000010232,0.1571058000008633,,,,,0.1578228399997897,,,0.0312082000000373,0.075796099999934,,0.509382000000187,,,,,,0.1805706000001616,0.054851899998539,,,,0.0951972999991994,,0.1935970666660675,,,,0.2382431333329198,,,,,,,,,,,,,,,,0.1792858999997406,,,,,,0.187465200000588,,,,,,,,,,0.2078683999989152,0.0958116000001609,,,0.079109100000096,,,,,,,,,,,,,,,,,,,,,,,,,,0.116829399999915,0.9020645000000512,,,,,,,,,,,0.1222131399998033,,,0.2835548666668425,0.1675273600001673,,,0.0505539000005228,,,0.1060851000002003,,,0.1371502374995543,,,,,,0.1231606500005,,0.2616142999995645,,,,,,,,,,,,,,,,,,,,,,,,,0.0954086000001552,,,,,,,,,,0.1713739999995596,,,0.2639255750000302,0.1140801999999894,,,,,,0.1447850999993534,,,,0.5185925000005227,,0.1806991000012203,,,,,,0.2962695000005624,,,,0.369110725000155,,,,0.0950007999999797,,,,,,0.1332105499996032,,,0.2007391500001176,,0.1449460499998167,,,,,,,,,,,,,0.1484114499999123,,,,0.2116675599998416,0.129538400000456,,0.15005593333323,,,,0.389951199999814,,0.1786462333323773,,,,,,,,,,,,,,,,,,,,,,,,,,,,,,,,,,,,,0.1559295833333938,,,,0.1870448000008764,,,,,,,,,,,,,,,,,,0.1759431999998923,,,,,,,,0.1251157800001237,,,0.1432388500006709,,,0.1945212999999057,,,,0.4796382499998799,,,,,,,,0.1797179999994114,,,,0.1536223499997504,,,,,,,,,,0.1113005000006523,,,,,,,,,,,,,,,0.301270150000164,0.1273692999996759,,0.2465070666664056,,0.138225999999122,,,,,,0.6902666000005411,,,,,0.4731041999998524,,,,,,,,,,0.2405461500002275,,,,0.2872998000002553,,,,0.2804696000002877,0.1315770999999586,,0.1637790249997124,,,0.1621539000007033,0.2693698000002769,,0.1271067636363031,0.3015019000013126,0.2474053500000081,,,,,,,,0.1767680999995112,,,,,,,0.2724198000014439,,,,,,,1.1822405999992045,,,,,,,,,,,,,,,,,,,,,,,,,,,,,,,,,,,,,,0.085490800000116,,,,0.1113495000008697,,,0.2204639500000667,,,0.1148069999994731,,,,0.5306002500001341,,0.083275599999979,,,,,,,,,,0.08238750000055,,,,,,,,,,,0.1176319666671285,,,,,0.0714987000010296,,,,,,,,,,0.1085060999994311,,,0.1031556375003219,0.1340537499991114,,,,,0.0866552999996201,0.1311346000002231,,,,0.3301224999995611,0.1954361999996763,,,0.2778039000004355,,,,,,,,,,0.1919827000001532,,,,,,,0.2437613499992039,,,,0.2709026500006075,0.2420734500001344,0.1632604999995237,,,,,0.1907366999985242,,,,,,0.179956250000032,,,,,,,,,,,,,,,,,,,,,,0.1807704999991983,,,,0.078221899999941,,,0.0960832999999183,0.0703926000005594,,,,,0.0959640000000945,0.1385755999999673,,,,,,,,,,,,,,,,,,,,,,,,,,,,,,,,,,,,,,,,,,0.20009057999996,,,,,,,,,,0.1660946000001786,,,,0.4070382999998401,,,,,,,,,,,,,,,,,,,,,,,,,,,,,,,,,,pun
,0.1090679499993712,0.1980905000000348,,,,,0.1448082199996861,,,0.0746153000000049,0.0642071000002033,,0.082640933333702,,,,,,0.1161657333335218,0.3222406999993836,,,,0.148073899999872,,0.1755197000002226,,,,0.1776639333341639,,,,,,,,,,,,,,,,0.1929393999998865,,,,,,0.4564801000014995,,,,,,,,,,0.0701357999987521,0.0738209000010101,,,0.1015150499997616,,,,,,,,,,,,,,,,,,,,,,,,,,0.0969875999999203,,,,,,,,,,,,0.1123542200002702,,,0.2562289333339625,0.1585759000001417,,,,,,0.1791152999994665,,,0.1217989874999148,,,,,,0.1251580999996804,,0.1744894000003114,,,,,,,,,,,,,,,,,,,,,,,,,0.1101574000003893,,,,,,,,,,0.171997100000226,,,0.2061412749994815,0.1067808500001774,,,,,,0.0956600999998045,,,,0.2510053999994852,,0.1622426000003543,,,,,,0.2384958499997083,,,,0.1680201749991283,,,,0.0945008999988203,,,,,,0.1992518333336193,,,0.1715100000001257,,0.1891743999995014,,,,,,,,,,,,,0.1268166500012739,,,,0.2066449833334142,0.121361399998932,,0.3801528333333408,,,,0.1747932249995756,,0.1872990499996376,,,,,,,,,,,,,,,,,,,,,,,,,,,,,,,,,,,,,0.2206175571430191,,,,0.164171600001282,,,,,,,,,,,,,,,,,,0.1720468000003165,,,,,,,,0.196163850000327,,,0.1780867999996189,,,0.1887970500001756,,,,0.2560348999995767,,,,,,,,0.1021134999991772,,,,0.1907194200000958,,,,,,,,,,0.1850739999990764,,,,,,,,,,,,,,,0.2751975249998395,0.126572966666572,,0.131911099999949,,0.1045838999998522,,,,,0.1493537999995169,0.0955236999998305,,,,,0.3207526500009408,,,,,,,,,,0.299643450000076,,,,0.3282147999998415,,,,0.1809023999994679,0.1791149499995299,,0.1683431000001292,,,0.438423600000533,0.2581793000008474,,0.1349047727271681,0.1696247999989282,0.2139105500000369,,,,,,,,0.1645638999998482,,,,,,,0.2391712999997253,,,,,,,,,,,,,,,,,,,,,,,,,,,,,,,,,,,,,,,,,,,,,0.0835449999995034,,,,0.1189966000001732,,,0.1975417749999906,,,0.0968083666672707,,,,0.2815945500005909,,0.0509836999990511,,,,,,,,,,0.1152203000001463,,,,,,,,,,,0.0556298000010428,,,,,0.1204464999991614,,,,,,,,,,0.0572482000006857,,,0.1112933285715241,0.1173237499997412,,,,,,0.1652463999998872,,,,0.3884918000003381,,,,0.2631092999999964,,0.7401511999996728,,,,,,,,0.2116908500001955,,,,,,,0.2405681000000186,,,,0.1877858500001821,0.2257457999994585,0.159819299999981,,,,,0.4239465999999083,,,,,,0.1299901000002137,,,,,,,,,,,,,,,,,,,,,,0.206753700000263,,,,0.0785075999992841,,,0.0883074666665682,0.0967209999998885,,,,,0.3575297000006685,0.0693726999998034,,,,,,,,,,,,,,,,,,,,,,,,,,,,,,,,,,,,,,,,,,0.2142438599999877,,1.2458836999994674,,,,,,,,0.1550079166660604,,,,0.2051300000002811,,,,,,,,,,,,,,,,,,,,,,,,,,,,,,,,,,pun
,0.1967821000007461,0.253843999998935,,,,,0.1365091199993912,,,0.0764342000002216,0.085833499999353,,0.0812570666663911,,,,,,0.0767023666667228,0.0537089000008563,,,,0.2059616999995341,,0.2247465999995862,,,,0.2528431999999156,,,,,,,,,,,,,,,,0.208334000000832,,,,,,0.1786976999992475,,,,,,,,,,0.1430360000013024,0.0399139999990438,,,0.0996353999998973,,,,,,,,,,,,,,,,,,,,,,,,,,0.0944460000009712,,,,,,,,,,,,0.1149567200005549,,,0.2609091000000869,0.1799913200000446,,,,,,0.1580778999996255,,,0.1436053428572319,,,,0.692158500000005,,0.1996418333322556,,0.2747975000002043,,,,,,,,,,,,,,,,,,,,,,,,,0.067968600000313,,,,,,,,,,0.1532887000012124,,,0.1953300500003933,0.1211115999991307,,,,,,0.1096778999999514,,,,0.2449338000005809,,0.0866158999997424,,,,,,0.2555184500006362,,,,0.2033300750003945,,,,0.0725987000005261,,,,,,0.1029259500000989,,,0.1756557499993505,,0.230425899999318,,,,,,,,,,,0.965820800000074,,0.1679225499992753,,,,0.2021935999993729,0.1348028000011254,,0.1485526333332624,,,,0.1705376000004435,,0.2200522333332628,,,,,,,,,,,,,,,,,,,,,,,,,,,,,,,,,,,,,0.1798988833334078,,,,0.1482116999995923,,,,,,,,,,,,,,,,,,0.2124995499998476,,,,,,,,0.1325433800007886,,,0.1794331333330774,,,0.2048665000002074,,,,0.2653721999995468,,,,,,,,0.1223470000004454,,,,0.2040041000004748,,,,,,,,,,0.1166016000006493,,,,,,,,,,,,,,,0.255674650000401,0.1269598333334821,,0.1371224000001044,,0.0975111000007018,,,,,,0.0648044000008667,,,,,0.2096020333331883,,,,,,,,,,0.2802995499996541,,,,0.2313467000003584,,,,0.1968570000008185,0.1539103499990233,,0.170560574999854,,,0.1798156000004382,0.314044400000057,,0.1287417545453618,0.2388143000007403,0.2815183999991859,,,,,,,,0.1999764666670671,,,,,,,0.2140381000008346,,,,,,,,,,,,,,,,,,,,,,,,,,,,,,,,,,,,,,,,,,,,,0.0961934999995719,,0.2482700000000477,,0.1222097999998368,,,0.1968611500001316,,,0.1027732250004191,,,,0.2634633500001655,,0.1285016000001633,,,,,,,,,,0.0893367500002568,,,,,,,,,,,0.0869258000002446,,,,,0.1518913999989308,,,,,,,,,,0.0828280000005179,,,0.104235812500292,0.098115400000097,,,,,0.1681117999996786,0.1644558999996661,,,,0.4439675000012357,0.1802267000002757,,,0.2378852000001643,,,,,,,,,,0.2147497500000099,,,,,,,0.2360734750004667,,,,0.2141199500001676,0.2807612500000687,0.1902410999991843,,,,,0.5045311000012589,,,,,,0.1360719499998595,,,,,,,,,,,,,,,,,,,,,,0.2018441000000166,,,,0.0707279666664059,,,0.055320433332478,0.0676057999990007,,,,,0.2493668999995861,0.104722900001434,,,,,,,,,,,,,,,,,,,,,,,,,,,,,,,,,,,,,,,,,,0.178910679999899,,,,,,,,,,0.1430373999998361,,,,0.2828894999984186,,,,,,,,,,,,,,,,,,,,,,,,,,,,,,,,,,pun
,0.0942046999989543,0.1868821999996726,,,,,0.0828567800002929,,,0.0418970999999146,0.0668228000013186,,0.0737120333330191,,,,,,0.0633374000002125,0.0468046000005415,,,,0.2084871999995812,,0.1890461333332496,,,,0.4005563666669332,,,,,,,,,,,,,,,,0.1908739999998943,,,,,,0.1732757999998284,,,,,,,,,,0.1234021999989636,0.0854278000006161,,,0.1070527500005482,,,,,,,,,,,,,,,,,,,,,,,,,,0.1354286999994656,,,,,,,,,,,,0.1215425399997911,,,0.2710334499993223,0.169913980000274,,,,,,0.1217103000017232,,,0.1008574000004175,,,,,,0.1401253499998347,,0.3729041000005964,,,,,,,,,,,,,,,,,,,,,,,,,0.0798386000005848,,,,,,,,,,0.1690345000006345,,,0.1584580749999986,0.100743424999564,,,,,,0.1154387999995378,,,,0.2354833999997936,,0.0572450999989087,,,,,,0.2130103999998027,,,,0.2132738333330053,,,,0.0930979000004299,,,,,,0.1068741500002943,,,0.2907829499999934,,0.3623507500005871,,,,,,,,,,,,,0.1434046000003945,,,,0.1910541999997804,0.2233331000006728,,0.1696486500009086,,,,0.1636269000000538,,0.3825685750007324,,,,,,,,,,,,,,,,,,,,,,,,,,,,,,,,,,,,,0.1999623200001224,,,,0.1619897000000492,,,,,0.1935921999993297,,,,,,,,,,,,,0.159593749999658,,,,,,,,0.1415891399996326,,,0.1758348999992449,,,0.1912942499993732,,,,0.2624128000006749,,,,,,,,0.1516310999995767,,,,0.1556640400001924,,,,,,,,,,0.1525977999990573,,,,,,,,,,,,,,,0.1981768333334912,0.1489257250000264,,0.1493598999998842,,0.097657699998308,,,,,,0.0895497000001341,,,,,0.2788173000003553,,,,,,,,,,0.887808399998903,,,,0.4898443000001862,,,,0.1984791000013501,0.1164772499996615,,0.1756305000005037,,,0.1695713000008254,0.3031408999995619,,0.1161944181822036,0.1817399000010482,0.1872859499999322,,,,,,,,0.1782883333332089,,,,,,,0.2364682000006723,,,,,,,,,,,,,,,,,,,,,,,,,,,,,,,,,,,,,,,,,,,,,0.093099899999288,,,,0.1026297499993234,,,0.1793766749997303,,,0.1416410749998249,,,,0.245704349999869,,0.0154391000014584,,,,,,,,,,0.0874770499995065,,,,,,,,,,,0.0577845333330818,,,,,0.0388442999992548,,,,,,,,,,0.0836588999991363,,,0.0831992499997795,0.1613831999993635,,,,,,0.2868804999998247,,,,0.4648340999992797,0.3003748999999516,,,0.2482485000000451,,,,,,,,,,0.2037097499996889,,,,,,,0.2148944749997099,,,,0.1348883999999088,0.2431778999998641,0.1738083000000188,,,,,0.2304060000005847,,,,,,0.2878870499998811,,,,,,,,,,,,,,,,,,,,,,0.1924338999997417,,,,0.0781960000003891,,,0.0630126666668123,0.0602783999993334,,,,,0.1158010999988619,,,,,,,,,,,,,,,,,,,,,,,,,,,,,,,,,,,,,,,,,,,0.1698727599999983,,,,,,,,,,0.1593782333329727,,,,0.5682316000002174,,,,,,,,,,,,,,,,,,,,,,,,,,,,,,,,,,pun
,0.1279695999992327,0.4209485999999742,,,,,0.1377396200005023,,,0.0452569999997649,0.0975818000006256,,0.1612973000005695,,,,,,0.0845521750002262,0.0138625999989017,,,,0.1301535000002331,,0.1602410666667613,,,,0.3128733666671905,,,,,,,,,,,,,,,,0.2123436000001675,,,,,,0.2054555000013351,,,,,,,,,,0.1125444999997853,0.077922700000272,,,0.104941950000466,,,,,,,,,,,,,,,,,,,,,,,,,,0.0719324000001506,,,,,,,,,,,,0.1134135399992374,,,0.2461457666668138,0.1651531666666414,,,,,,0.1584231000015279,,,0.1155078666664242,,,,,,0.1195720999994591,,0.3144901000014215,,,,,,,,,,,,,,,,,,,,,,,,,0.0955646000002161,,,,,,,,,,0.1696681000012176,,,0.1347766999992927,0.0967174250008611,,,,,,0.1174367000003258,,,,0.2453058999999484,,0.0688134000010904,,,,,,0.2491836500003046,,,,0.1841556749996016,,,,0.1115320000008068,,,,,,0.1132092499992722,,,0.175855849999607,,0.2062347000000954,,,,,,,,,,,,,0.1134595499997885,,,,0.2074501999999483,0.1883505000005243,,0.1167661999988922,,,,0.1934430999995129,,0.219263266667743,,,,,,,,,,,,,,,,,,,,,,,,,,,,,,,,,,,,,0.1974127000001317,,,,0.1660518000007869,,,,,0.0968069999998988,,,,,,,,,,,,,0.145811300000787,,,,,,,,0.1078759200001513,,,0.1544567000000825,,,0.1976185499997882,,,,0.2945643999992171,,,,,,,,0.1240985000004002,,,,0.1617263200005254,,,,,,,,,,0.0379107999997359,,,,,,,,,,,,,,,0.3208184499994786,0.144359766666336,,0.1212737333341162,,0.0923094999998284,,,,,,0.1206137999997736,,,,,0.2912531750002927,,,1.001382450000165,,,,,,,0.2240002500011542,,,,0.2618558000012854,,,,0.2014916999996785,0.166216999999051,,0.1663609749989518,,,0.1579904000009264,0.3367612000001827,,0.118215018181879,0.1929505000007338,0.1802375499992194,,,,,,,,0.1660279000000931,,,,,,,0.2225318999990122,,,,,,,,,,,,,,,,,,,,,,,,,,,,,,,,,,,,,,,,,,,,,0.1109361999988323,,,,0.1471175000006042,,,0.2202000500005851,,,0.1005223500001193,,,,0.2725339999997231,,0.0781650999997509,,,,,,,,,,0.0778290000007473,,,,,,,,,,,0.0715457333329444,,,,,0.0434122999995452,,,,,,,,,,0.1012322000005951,,,0.0894051374996252,0.0908303000005616,,,,,0.625052899998991,0.0848079000006691,,,,0.3627788500007227,0.1758792000000539,,,0.2929375999992771,,,,,,,,,,0.1696908000012627,,,,,,,0.2104045999997955,,,,0.2189524499999606,0.2568409500008783,0.2058216000004904,,,,,0.407888499999899,,,,,,0.1277128999990964,,,,,,,,,,,,,,,,,,,,,,0.2066544500003146,,,,0.065068699999756,,,0.0494271666672527,0.0843087499997636,,,,,0.0963274000005185,0.0816227000013896,,,,,,,,,,,,,,,,,,,,,,,,,,,,,,,,,,,,,,,,,,0.2143546400006016,,,,,,,,,,0.1573462333332524,,,,0.2704503000004479,,,,,,,,,,,,,,,,,,,,,,,,,,,,,,,,,,pun
,0.3264060999999856,0.3536528000004182,,,,,0.2478568952379386,,,0.1667183000008663,0.1525318999993032,,0.1695405333333231,,,,,,0.1535929000001488,0.2019344000000273,,,,0.1790787999998428,,0.1881540666666599,,,,0.3710163666667843,,,,,,,,,,,,,,,,0.1037247000003844,,,,,,0.3144346000008227,,,,,,,,,,0.2010099999988597,0.1720540000005712,,,0.316169799999443,,,,,,,,,,,,,,,,,,,,,,,,,,0.1374656000007235,,,,,,,,,,,,0.1142118900000241,,,0.4648079999995388,0.1959576857144774,,,,,,0.3472337000002881,,,0.2316492125005425,,,,,,0.2310636000001977,,0.1979682000001048,,,,,,,,,,,,,,,,,,,,,,,,,,,,,,,,,,,0.3692827000013494,,,0.1880221249994065,0.2083705499996237,,,,,,0.1926739999998972,,,,0.4634162999991531,,0.2026289999994333,,,,,,0.2024516499996025,,,,0.158607249999477,,,,0.1531028999997943,,,,,,0.2382658499991521,,,0.2102480000003197,,0.2095276000000012,,,,,,,,,,,,,0.2156709500004581,,,,0.2218064142855707,0.264957500001401,,0.3044515000001411,,,,0.168120366667002,,0.1995967333338436,,,,,,,,,,,,,,,,,,,,,,,,,,,,,,,,,,,,,0.2242530250000527,,,,0.2129119999990507,,,,,,,,,,,,,,,,,,0.1788482499996462,,,,,,,,0.2097969857142223,,,0.1677346500009662,,,0.2029511499995351,,,,0.3166065000004892,,,,,,,,0.1815286999990348,,,,0.1973404600004869,,,,,,,,,,0.1495450000002165,,,,,,,,,,,,,,,0.5498298249999607,0.2380954800006293,,0.3230464333337295,,0.1733509000005142,,,,,,0.1130817000012029,,,,,0.4330821749990718,,,,,,,,,,0.3580232000003889,,,,0.7643369000015809,,,,0.3235815000007278,0.3175835000001825,,0.1687575749997449,,,0.4275443000005907,0.4478530999986105,,0.2315348916667972,0.3817355000010138,0.2966013999994175,,1.0063544000004183,,,,,,0.1761463999998037,,,,,,,0.199143499999991,,,,,,,,,,,,,,,,,,,,,,,,,,,,,,,,,,,,,,,,,1.12200490000032,,,,0.1353276999998343,,,,0.1980902999985119,,,0.1711989666664521,,,0.2761135000000649,,,,0.438556150000295,,0.1383640000003652,,,,,,,,,,0.2428950000003169,,,,,,,,,,,0.1495008999997177,,,,,0.1232927000000927,,,,,,,,,,0.2206503999987035,,,0.1622320500002843,0.2283178499992573,,,,,,0.1426480000009178,,,,0.821689399999741,0.1702858999997261,,,0.2833023999992292,,,,,,,,,,0.3133741499996176,,,,,,,0.5494896250002057,,,,0.5156061999996382,0.2494084499994642,0.2036100000004808,,,,,0.2266412000008131,,,,,,0.1402379000001019,,,,,,,,,,,,,,,,,,,,,,0.0808612000000721,,,,0.1746492666667715,,,0.1700679666664655,0.3858707999997932,,,,1.0065725000004022,,0.1841021000000182,,,,,,,,,,,,,,,,,,,,,,,,,,,,,,,,,,,,,,,,,,0.2051473099999384,,,,,,,,,,0.1571479375002127,,,0.1280363000005309,0.4325768999988213,,,,,,,,,,,,,,,,,,,,,,,,,,,,,,,,,,guy
,0.1726981000001615,0.3899442999991152,,,,,0.2600430200000119,,,0.3793734999999287,0.1944951999994373,,0.1247451999994761,,,,,,0.1687397666670828,0.1977487999993172,,,,0.1700400999998237,,0.2035829999998289,,,,0.3204054333333867,,,,,,,,,,,,,,,,0.0865763999991031,,,,,,0.2229234000005817,,,,,,,,,,0.2286909000013111,0.1274746999988565,,,0.1527417499992225,,,,,,,,,,,,,,,,,,,,,,,,,,0.2570656999996572,,,,,,,,,,,,0.2088357000000542,,,0.272360033333219,0.1721831999995629,,,,,,0.1765166000004683,,,0.1817637624997132,,,,,,0.2049898499990377,,0.2293330000011337,,,,,,,,,,,,,,,,,,,,,,,,,0.1319318000005296,,,,,,,,,,0.1249272000004566,,,0.2793348499994863,0.153386400000727,,,,,,0.1267741000010573,,,,0.2851881999995385,,0.1688530999999784,,,,,,0.4044001499996739,,,,0.1773250500000358,,,,0.0943141999996441,,,,,,0.2130216499999733,,,0.3182226500002798,,0.1786522000002151,,,,,,,,,,,0.2139934999995603,,0.248631249999562,,,,0.2877228999996077,0.3481885999990481,,0.2324885666669918,,,,0.2227971249999427,,0.1934611666662628,,,,,,,,,,,,,,,,,,,,,,,,,,,,,,,,,,,,,0.239977600000202,,,,0.1737911000000167,,,,,,,,,,,,,,,,,,0.2739151000005222,,,,,,,,0.1951568000007682,,,0.1550770499998179,,,0.2917737500001749,,,,0.4366431500011458,,,,,,,,0.1666030999986105,,,,0.1916229000002204,,,,,,,,,,0.1571652999991784,,,,,,,,,,,,,,,0.2552322249998724,0.1722624666660218,,0.3138983666667627,,0.1606250000004365,,,,,,0.1359852999994473,,,,,0.1874081500009197,,,,,,,,,,0.2424073500005761,,,,0.4947677000000112,,,,0.2440570999988267,0.2302220000010493,,0.1499977499993292,,,0.1663564000009501,0.2297517999995761,,0.2149882090908993,0.1676313000007212,0.3204331000006277,,,,,,,,0.291997899999842,,,,,,,0.1945027000001573,,,,,,,,,,,,,,,,,,,,,,,,,,,,,,,,,,,,,,,,,,,,,0.1110454999998182,,,,0.4121265000012499,,,0.1513709499995457,,,0.2740754750002452,,,,0.3977574000000459,,0.2089643999988766,,,,,,,,,,0.2583236000009492,,,,,,,,,,,0.1459033333333839,,,,,0.1528134000000136,,,,,,,,,,0.185131199999887,,,0.1577578125002219,0.2699134499998763,,,,,,0.1736125999996147,,,,0.9251054000014848,0.1393563000001449,,,0.1969503000000259,,,,,,,,,,0.2821657000004052,,,,,,,0.2320648249997248,,,,0.2278023500002746,0.2019663999999466,0.1858761000003141,,,,,0.1823727999999391,,,,,,0.1843871499995657,,,,,,,,,,,,,,,,,,,,,,0.0640070999997988,,,,0.152703666666639,,,0.1362116666659858,0.1664401500001986,,,,,0.2213242999987414,0.1333747000007861,,,,,,,,,,,,,,,,,,,,,,,,,,,,,,,,,,,,,,,,,,0.1900682999999844,,,,,,,,,,0.1259847666666852,,,,0.1996902000009868,,,,,,,,,,,,,,,,,,,,,,,,,,,,,,,,,,guy
,0.1348103499994977,0.238534800000707,,,,,0.1976369600000907,,,0.1828893999991123,0.1785815000002912,,0.1547867666668025,,,,,,0.1403786333333604,0.1364202999993722,,,,0.1417087000008905,,0.1558893666666942,,,,0.1870770333334803,,,,,,,,,,,,,,,,0.1495955000009416,,,,,,0.2464001000007556,,,,,,,,,,0.1587705999991158,0.0976428000012674,,,0.1398146499996073,,,,,,,,,,,,,,,,,,,,,,,,,,0.1573114000002533,,,,,,,,,,,,0.1945091599998704,,,0.307645166666892,0.1581081666666553,,,,,,0.3135351999990234,,,0.168363825000597,,,,,,0.2173886999999013,,0.1797557000008964,1.2045524000004662,,,,,,,,,,,,,,,,,,,,,,,,0.1175894000007247,,,,,,,,,,0.2905949000014516,,,0.1559652750001987,0.3385280250004143,,,,,,0.1673082999986945,,,,0.2573405999992246,,0.1716152000008151,,,,,,0.2140733999995063,,,,0.1711712000001171,,,,0.1088130999996792,,,,,,0.1662052000001495,,,0.4651379000006272,,0.1692213500000434,,,,,,,,,,,,,0.2567590500002552,,,,0.2887312800001382,0.2601459999987128,,0.2502258666669756,,,,0.2861008499994568,,0.1800949000007676,,,,,,,,,,,,,,,,,,,,,,,,,,,,,,,,,,,,,0.2461638833337929,,,,0.1825562000012723,,,,,,,,,,,,,,,,,,0.3388644499991642,,,,,,,,0.1931780799997796,,,0.1502409499998975,,,0.1822473999991416,,,,0.4478868500000317,,,,,,,,0.2074671000009402,,,,0.1811498199997004,,,,,,,,,,0.2945433999993838,,,,,,,,,,,,,,,0.4970424750003985,0.1711138666663222,,0.2682108333331901,,0.1808020999997097,,,,,,0.2031361000008473,,,,,0.1969164999995882,,,,,,,,,,0.3732314500002758,,,,0.6947141000000556,,,,0.2952463000001444,0.2487156000006507,,0.1530570999998417,,,0.2290955999997095,0.1834810000000288,,0.2286787000000252,0.333432499999617,0.2797421999994185,,,,,,,,0.1873227999991892,,,,,,,0.1731214999999792,,,,,,,,,,,,,,,,,,,,,,,,,,,,,,,,,,,,,,,,,,,,,0.0902535000004718,,,,0.1992570999991585,,,0.176686950000203,,,0.1816446999991967,,,,0.3851234499998099,,0.1408312000003206,,,,,,,,,,0.2330892500012851,,,,,,,,,,,0.1587600333344501,,,,,0.1536038999984157,,,,,,,,,,0.1722179999997024,,,0.1776617875000283,0.1863174499994784,,,,,,0.1929694999998901,,,,0.693758749999688,0.1906704000011814,,,0.2843533999985084,,,,,,,,,,0.2750633000005109,,,,,,,0.2290788999998767,,,,0.2242889999997714,0.4452780999999959,0.1528800999985833,,,,,0.1731182999992597,,,,,,0.2027283999996143,,,,,,,,,,,,,,,,,,,,,,0.3268121000000974,,,,0.150208066667498,,,0.1594268999997439,0.1419756499999493,,,,,0.2384371000007377,0.1591834999999264,,,,,,,,,,,,,,,,,,,,,,,,,,,,,,,,,,,,,,,,,,0.2093254399998841,,,,,,,,,,0.1282164333330608,,,,0.3128810000016528,,,,,,,,,,,,,,,,,,,,,,,,,,,,,,,,,,guy
,0.161734800000886,0.2952337000006082,,,,,0.1529919400003564,,,0.1676724999997532,0.1731068000008235,,0.1520170999992842,,,,,,0.1228590333333462,0.1402727999993658,,,,0.3250669999997626,,0.1775073999997403,,,,0.1843724666662941,,,,,,,,,,,,,,,,0.1481143000000884,,,,,,0.2584222000004956,,,,,,,,,,0.1909104999995179,0.1497460000009596,,,0.1423807000001034,,,,,,,,,,,,,,,,,,,,,,,,,,0.2328080000006593,,,,,,,,,,,,0.185802419999527,,,0.3319082666669904,0.1683715999999549,,,,,,0.332663400000456,,,0.1701483750000534,,,,,,0.2200748999994175,,0.3660209999998187,,,,,,,,,,,,,,,,,,,,,,,,,0.2288816000000224,,,,,,,,,,0.39059350000025,,,0.1734657000001789,0.254066474999945,,,,,,0.1473573999992368,,,,0.3989877999993041,,0.1541914000008546,,,,,,0.2290310499993211,,,,0.1792504999998527,,,,0.1126932999995915,,,,,,0.2823159500003385,,,0.3206302499993398,,0.1207655500002147,,,,,,,,,,,,,0.2282499000002644,,,,0.2193081999994319,0.5529750999994576,,0.2507418666664307,,,,0.3342433000002529,,0.1651775999992727,0.8124024000007921,,,,,,,,,,,,,,,,,,,,,,,,,,,,,,,,,,,,0.2183827333337831,,,,0.1726261000003432,,,,,,,,,,,,,,,,,,0.2451737499995943,,,,,,,,0.1939335400002164,,,0.1676752999992459,,,0.1977861999994274,,,,0.5639765499990972,,,,,,,,0.1597080999999889,,,,0.3822095999998964,,,,,,,,,,0.2231812000009085,,,,,,,,,,,,,,,0.2479750750007952,0.2150458749997597,,0.249272266666594,,0.2218402999988029,,,,,,0.2757320000000618,,,,,0.2630085749997306,,,,,,,,,,0.3535404999993261,,,,0.2438815999994403,,,,0.239433700000518,0.2582650000003923,0.1758852000002662,0.2359322500001326,,,0.1983404000002337,0.1975726000000577,,0.2120231818181227,0.1579602000001614,0.4872620500000266,,0.1581765999999334,,,,,,0.1587822000001324,,,,,,,0.0731982000015705,,,,,,,,,,,,,,,,,,,,,,,,,,,,,,,,,,,,,,,,,,,,,0.106458799999018,,,,0.3160219000001234,,,0.1661996249999902,,,0.2073967999995147,,,,0.4559714999995776,,0.1446823999995103,,,,,,,,,,0.2550692499999059,,,,0.1482027000001835,,,,,,,0.1748829333331135,,,,,,,,,,,,,,,0.1403282999999646,,,0.1410144125002261,0.1603549000010389,,,,,,0.1388765000010607,,,,0.3986324500001501,0.1504641999999876,,,0.3181025000012596,,,,,,,,,,0.2843819000008807,,,,,,,0.238198900000043,,,,0.2667355499997939,0.1811984500000107,0.1456395000004704,,,,,0.1798534999998082,,,0.8526724000003014,,,0.2666746499999135,,,,,,,,,,,,,,,,,,,,,,0.1136466999996628,,,,0.1651389333334615,,,0.1288697666671699,0.1520670000008976,,,,,0.5028586000007635,0.127973300001031,,,,,,,,,,,,,,,,,,,,,,,,,,,,,,,,,,,,,,,,,,0.195690060000561,,,,,,,,,,0.1327929666670873,,,,0.2136441999991802,,,,,,0.9691669999992882,,,,,,,,,,,,,,,,,,,,,,,,,,,,guy
,0.1381533000003401,0.24593239999740035,,,,,0.19864339999912772,,,0.150024200000189,0.22776660000090487,,0.16783846666658064,,,,,,0.1429709333339512,0.14718340000035823,,,,0.3647865000020829,,0.16098496666745632,,,,0.2648594666655602,,,,,,,,,,,,,,,,0.15161189999707858,,,,,,0.25424999999813735,,,,,,,,,,0.1559947000023385,0.5276704999996582,,,0.1511446500007878,,,,,,,,,,,,,,,,,,,,,,,,,,0.32987019999927725,,,,,,,,,,,,0.14383322000066984,,,0.42328383333369857,0.21002473999978974,,,,,,0.3269264000009571,,0.13153550000060932,0.22388245714215113,,,,,,0.2226629500019044,,0.18819120000262046,,,,,,,,,,,,,,,,,,,,,,,,,0.17277950000061537,,,,,,,,,,0.15360339999824646,,0.2216651999988244,0.4456602600010228,0.3018216749987914,,,,,,0.15799390000029234,,,,0.43827370000144583,,0.19824480000170297,,,,,,0.3181299999996554,,,,0.1835196250003719,,,0.16693239999949583,0.10526870000103372,,,,,,0.21296690000053786,,,0.2604208500015375,,0.2348710000005667,,,,,,,,,,,,,0.1986414999992121,,,,0.2799805200018454,0.2805377000004228,,0.24948256666539237,,,,0.24588345000029221,,0.1760886666670558,,,,,,,,,,,,,,,,,,,,,,,,,,,,,,,,,,,,,0.22617031666656354,,,,0.19576020000022254,,,,,,,,,,,,,,,,,,0.17915895000078308,,,,,,,,0.2019858399988152,,,0.16152129999863973,,,0.20407129999875906,,,,0.449901800000589,,,,,,,,0.15558530000271276,,,,0.2280425600001763,,,,,,,,,,0.24828450000131852,,,,,0.6056599999992613,,,,,,,,,,0.258238600000368,0.1944593333331189,,0.4674122666668457,,0.21856719999777852,,,,,,0.1990308999993431,,,,,0.7647337666664195,,,,,,,,,,0.28593985000043176,,,0.579177499999787,,,,,0.22899750000215136,0.23102160000053118,,0.167484333334869,,,0.32772400000067137,0.2103084000009403,,0.2214666899995791,0.1706479999993462,0.1965076999986195,,,,,,,,0.22235963333453887,,,,,,,0.15725190000011935,,,,,,,,,,,,,,,,,,,,,,,,,,,,,,,,,,,,,,,,,,,,,0.11464780000096653,,,,0.2017097999996622,,,0.1779167500008043,,,0.17560192499877303,,,,0.6200157499988563,,0.17024730000048294,,,,,,,,,,0.25342929999715125,,,,,,,,,,,0.15359106666680114,,,,,0.15589149999868823,,,,,,,,,,0.17259790000025532,,,0.1580772999996043,0.2520454499990592,,,,,,0.18455600000015693,,,,0.8780616000021837,0.1422880999998597,,,0.3586472999995749,,,,,,,,,,0.25928229999954056,,,,,,,0.2287633999994796,,,,0.21191990000079386,0.3627023500012001,0.12745280000308412,,,,,0.16360770000028424,,,,,,0.21455964999950083,,,,,,,,,,,,,,,,,,,,,,0.061112799998227274,,,,0.22324706666646912,,,0.1535563000009764,0.20292034999874886,,,,,0.2141174000025785,0.1756643000007898,,,,,,,,,,,,,,,,,,,,,,,,,,,,,,,,,,,,,,,,,,0.20071039999966162,,,,,,,,,,0.15496946666704994,,,,0.24259299999903305,,,,,,,,,,,,,,,,,,,,,,,,,,,,,,,,,,guy
